Codigo;Descricao;Unidade;Saldo
6998543;ABRACADEIRA ACO CARBONO;UN;0
6998472;ABRACADEIRA NYLON 250X3,6MM PRETA;UNI;0
6996974;ABR NYLON PRETO 400MMX4,8MM;UN;200
6993403;ABR PVC CINZA 3/4POL MASTER;UNI;0
6992677;ADAP ENGATE RAPIDO FM;UN;0
6997311;ADAPTADOR CONDULETE PVC 3/4POL CZ;UNI;0
6997689;ALCOOL ISOPROPILICO-ISOPROPANOL 99,8%500;LT;1
6992090;BALANCIM PARAFUSADEIRA 0,5KG 1,5KG 1,2M;UNI;0
6993524;BARRAMENTO 1F 80A 12 POLOS 215MM;UNI;0
6997615;BARRAMENTO NEUTRO P/TRILHO DIM 7 POLOS;UNI;0
6997616;BARRAMENTO TERRA P/TRILHO DIM 7 POLOS;UNI;0
7607197;BATERIA 12V 20A 6-DZF-20 CHALWEE;UNI;0
7606501;BICO CORTE 25MM ACETILENO 1502-N6;UNI;0
7606523;BICO CORTE N12 300MM ACETILENO;UNI;0
7606527;BICO CORTE N8 127MM ACETILENO;UNI;0
6991602;BOIA P/CAIXA DAGUA 3/4;UNI;0
7604498;BOMBA VACUO;UN;0
7608712;BOMBONA PC C/BICO DOSADOR 5L;UN;0
7608178;CABECOTE LASER CO2 1-300W;UN;0
7607666;CABO ACO GALVANIZADO 3/16POLX1M;MT;0
7607667;CABO ACO GALVANIZADO 5/32POLX1M;MT;0
7604724;CABO CONEXAO P/SENSOR M12 IFM EVC004 (LARANJA);UNI;0
6997345;CABO FLEX 1VIA 20AWG 100M 750V BR;UNI;0
6997341;CABO FLEX 1VIA 20AWG 100M 750V VM;UNI;0
6991581;CABO FLEX 1 VIA 750V 2.50MM AZ;UNI;0
6992079;CABO FLEX 1 VIA 750V 2.50MM PRETO;UNI;0
6991584;CABO FLEX 1 VIA 750V 2.50MM VD;UNI;0
6993880;CABO FLEXIVEL AZUL 1VIA 25M 1,5MM2;UNI;0
6993877;CABO FLEXIVEL PRETO 1VIA 25M 1,5MM2;UNI;0
6993879;CABO FLEXIVEL VERMELHO 1VIA 25M 1,5MM2;UNI;0
7604374;CABO IGNICAO;UN;0
7604396;CABO IONIZACAO;UN;0
7606792;CABO PP FLEX PT 4VIAS 500V 100M ROLO;UNI;0
6995134;CABO P/SENSOR M12 4 FUROS FM 2M 4A 180°;UNI;0
7608484;CABO VD ENCODER HA BBS40-80 RB1 5,9M;PC;0
6998537;CAIXA CONDULETE 5 ENTRADAS 3/4POL PVC BR;UNI;0
6997824;CANALETA LISA BRANCO 50X20X2000MM C/FITA;UNI;0
6992982;CANO 3/4POL X 3M 25MM MARROM PVC;UNI;0
7602884;CAPA HIDRAULICA PRENS 5/8POL 60X25MM ACO;UNI;0
7600215;CAPA PRENSAGEM MANGUEIRA HIDRÁULICA 1/2;UNI;0
7600264;CAPA PRENSAVEL 1T-2T TRAMAS 3/8 POL;UNI;0
7606825;CAPA PRENS MANGUEIRA HIDRAULICA 3/4POL;UNI;0
7607439;CAPA TERMIN PRENSAVEL 3/4POL R1A/R2AT;UNI;0
7600780;CHAVE FIM CURSO PONT. RME-8111;UN;0
6992598;CHAVE PHILLIPS TOCO 3/16X1.1/2POL;UNI;0
7600970;CHUVEIRO ELETRICO 220V;UN;1
6992939;COLA P/PVC INCOLOR FRASCO 175G TIGRE;UNI;6
7601852;COLA TRAVA ROSCA MEDIO TORQUE;UNI;0
7601221;CONECTOR EMENDA ISOLANTE SEM SOLDA 3VIAS;UN;9
7600385;CONEXÃO HIDRAULICA MACHO;UNI;0
6992989;CONEXAO JOELHO PVC 25MM 90°;UNI;0
6991866;CONEXAO PNEUMATICA 10MM C/ROSCA 3/8;UNI;0
6991693;CONEXAO PNEUMATICA ENGATE EM T 6MM;UNI;0
6997574;CONEXAO PNEUMATICA ENG RAPIDO UNIAO 6MM;UNI;0
6998560;CONEXAO PNEUMATICA T 8MM;UNI;0
6994167;CONEXAO PNEUM ENGATE RAPIDO 8MM;UNI;0
6995262;CONEXAO PNEUM ENGATE RAPIDO UNIAO 10MM;UNI;0
6995976;CONEXAO PNEUM RETA MC 8MM X 1/4POL BSP;UNI;0
6994327;CONEXAO TERMINAL FM GIRATORIA 3/4X3/8POL;UNI;0
6994341;CONEXAO TERMINAL HIDR MC FIXO 3/8X3/8POL;UNI;0
6993039;CONEXAO T PVC 25MM MARROM SOLDAVEL;UNI;0
7604030;CONJ SISTEMA DESLIZ RO 80V 8002 P/PORTAS;UNI;0
7603519;CONJ. TAMPA RETENTOR BASE P/LIXADEIRA DWE6421;UN;0
6997134;CONJ UNIVERSAL HYDRA DUO CAIXA ACOPLADA;UNI;4
7608046;CONJUNTO BROCA TITANIO UNIVERSAL 3-12MM 7 PECAS;UNI;1
7000733;CONJUNTO REPARO REBITADEIRA PUMA T6015A;UN;0
6996873;CONTATOR 18A 220V CWB18-11-30D23;UNI;0
6996586;CONTATOR 25A 24V/50-60HZ NA-NF 3TS3311-0AC2;UN;0
6996857;CONTATOR 25A 24VAC 1NA+1NF 3RT2026-1AC20;UN;0
6997501;CONTATOR 25A 24VAC TRIPOLAR CWB25;UNI;0
6996856;CONTATOR 25A 440VCA 3RT1026-1AV00 60HZ;UN;0
7600337;CONTATOR 4P 12A 24VCA 50/60HZ 2NA+2NF;UNI;0
6993808;CONTATOR 9A 24VCA 50/60HZ 1NA 3RT2016-1AB01;UN;0
7605156;CONTATOR TRIPOLAR 16A 24V 50/60HZ 1NA;UNI;0
7605155;CONTATOR TRIPOLAR 16A 24V 50/60HZ 1NA;UNI;0
7609661;CONTATOR TRIPOLAR 17A 24V 3RT2025-1AC20;UN;0
7600099;CONTROLADOR DE TEMPERATURA;UN;3
7600393;CORREIA SILICONE LIXADEIRA DWE6421;UN;0
7608538;CORREIA SINCRONIZADORA L K0325A 210L;UN;0
7602635;COTOVELO CONDULETE ¾ PCV CINZA;UNI;0
6998495;CURVA 90° PVC 3/4 CINZA MASSTER C/BOLSA;UNI;0
7601873;DESENGRAXANTE UNIVERSAL ECO-W 20L;ML;20
7609095;DIAFRAGMA BOMBEAMENTO P1505 ST;UN;0
7607358;DISCO APOIO P/BOSCH GEX 125-150 125MM;UNI;0
7607616;DISCO DESBASTE DIAMANTADO 115MMXM14;UNI;0
7605072;DISPLAY DIGITAL 24V CHICOTE;UNI;0
6998641;ELEMENTO FILTRANTE AM-EL70D / MURATA;UN;0
6991435;ELETRODUTO PVC LEVE LISO 3/4 CZ MASSTER;UNI;0
6994940;ENGATE FLEXIVEL 1/2POL 60CM;UNI;0
6994670;ENGATE RAPIDO FM 1/4POL X 1/4POL ROLETE;UN;0
7609476;ESCOVA CARVAO ESMERIL RETO DW882 381028-07;UN;0
6993657;ESCOVA CARVAO P/MAQUINAS CABOS;UNI;0
7602706;ESPIGAO LATAO 1/2 X 1/4 MACHO;UN;0
7601710;ESPUMA EXPANSIVA QUARTZOLIT;UN;2
7601842;ESPUMA FILTRAL CZ 2000X1300X5MM;UN;0
7609027;EXAUSTOR INDUSTRIAL 300X200X300MM 220V;UN;0
6998031;FECHADURA TUBULAR 90MM PRETA;UNI;0
6998584;FILTRO AR COALECENTES;UN;0
7603768;FILTRO COMBUST C/SEPARADOR AGUA FS1007;UN;0
6991582;FILTRO SANFONADO P/ASPIRADOR IPC AA280;UN;2
6992554;FITA ISOLANTE 23BR AUTOFUSAO;UNI;0
6994051;FLUIDO FREIO 500ML;ML;0
6995563;FONTE ALIMENTACAO 600W 48V 12.5A;UN;0
7603291;FONTE CHAVEADA 24V;UN;3
6993386;FORRO ISOPOR TEXTURIZADO 1250X625X20MM;UNI;0
7601860;FRASCO PLASTICO 60ML C/ TP ROSCA/VEDANTE;UNI;0
6996483;GRAMPO 3/16 POL P/CABO ACO;UN;0
7603156;GRAXA ALTA TEMPE. AUTOMOTIVA UNILIT BLUE 500G INGRAX;KG;0
7606409;GRAXA AZUL LITIO 500G;GR;0
7605064;GRAXA EP 000 900G (YAWEI);GR;1
7605075;GRAXA KARTER K007 900GR (YAWEI);GR;1
6994762;GRAXA MOBIL SHC POLYREX 462 16KG;GR;0
7603546;GUIA TRILHO LINEAR P/PATINSHIWIN HGR;UNI;0
6991837;INTERRUPTOR 1TS IP44 PIAL 10A CZ AQUATIC;UNI;0
7608736;INTERRUPTOR 6506913 PARAFUSADEIRA MAKITA;UN;0
7608162;INTERRUPTOR CS-TOUCH CSS60A-LR;UN;3
7601468;INTERRUPTOR P/ ESMERILHADEIRA;UNI;0
7607333;INTERRUPTOR P/LIXADEIRA GEX 125-1 AE;UNI;0
6991974;JOELHO PPR P/TERMOFUSAO 90° 32MM;UNI;0
6991481;JOELHO PVC 90 GRAUS 20MM;UN;0
6991430;JOELHO PVC C/JANELA 3/4 CINZA MASSTER;UNI;0
7607617;JUNCAO 45Gº PVC 75MM;UNI;0
7609102;JUNTA CAMARA TRASEIRA BUNA-N P1510;UN;0
6996127;LAMPADA LED 65W 6500K T8-G13 TUB 240CM;UNI;0
6995357;LAMPADA LED 9W 3000K AM MORNA;UNI;0
7601605;LAMPADA LED BULBO 150W E40 6500K LUZ BR;UNI;0
6995286;LAMPADA LED BULBO 40W 6500K BR E27;UNI;0
7606399;LAMPADA LED TUBULAR 20W 120CM;UNI;0
6992077;LAMPADA TUBULAR LED 18W T8 6500K;UNI;0
7606393;LAMPADA TUBULAR LED T8 TUBULAR 9W 60CM;UNI;0
7600221;LANTERNA DE CABECA;UN;0
7603843;LIQ ARREFECIMENTO FLEETGUARD 18,9L;L;0
6993446;LUMINARIA SOBREP 120CM ALETAS AL LAMP T8;UNI;0
7000585;LUMINARIA UFO 300W 6500K LED HIGHBAY;UNI;0
7600549;LUMINARIA UFO LED SMD HIGH BAY 300W BIV;UNI;0
6991971;LUVA PPR P/TERMOFUSAO 32MM;UNI;0
6995869;LUVA REDUCAO PVC AGUA FRIA 75X50MM;UNI;0
7607625;LUVA SIMPLES PVC ESGOTO 75MM;UNI;0
6998327;LUVA SOLDAVEL 20MM MARROM;UN;0
6991462;LUVA SOLDAVEL 25MM AMANCO;UNI;0
7603725;MACANETA P/PORTA CASA ZAMAC 105X85X85MM;UNI;0
7606025;MACARICO CORTE 1503 C/2 BICOS;UNI;0
6991642;MANDRIL P/FURADEIRA 13MM;UNI;0
6997448;MANG. CIL. INCLINACAO EMPILH. STRONG 4RQ35RL;UN;7
7604885;MANGUEIRA 3/8POL VM PUSH LOC 300PSI;UNI;0
7605262;MANGUEIRA AR COMP/AGUA EMBOR PT 3/4POL;M;0
7600224;MANGUEIRA HIDRAULICA 1/2 2 TRAMAS;M;0
6991822;MANGUEIRA PNEUMATICA PU 4MM-10M;M;0
7605619;MANGUEIRA TRAMA ACO LAVADORA HD 585;M;0
7605388;MANGUEIRA VACUO-AR PU TR D130MM;M;0
6997527;MANTA ASFALTICA AD AL VEDACIT 10X10M;UNI;0
6991712;MANTA FILTRANTE P/AR G3;MT;0
6992091;MARTELETE PERF/ROMP 24MM 820W 220V;UNI;0
6994640;MASSA CORRIDA 25KG;KG;0
7603303;MASSA PLASTICA COM CATALISADOR 400GR;UN;0
7603650;MISTURADOR P/FURADEIRA TINTA 60X400MM;UN;0
6991596;MODULO TOMADA 1P - INTERRUPTOR SIMPLES;UN;0
6991551;MODULO TOMADA 2P+T 10A 42X22X35MM;UN;0
7600122;NÍVEL LINEAR DE PRECISÃO;UN;0
7601013;OLEO 10W40 SEMISSINTETICO;L;0
6994580;OLEO 20W-50 1L;L;0
6995479;ÓLEO HIDRÁULICO LUBRAX HYDRA XP68 20L;L;0
6996113;OLEO LUBRIFIANTE LUBRAX GEAR 220 20L (AUTOINDEX);L;0
7603232;OLEO LUBRIFICANTE 15W40 0,9KG;UN;10
6994253;ÓLEO LUBRIFICANTE DO MOTOR (15W40);L;0
7601223;ÓLEO LUBRIF LUBRAX 4T 20W50 24X1;L;13
7604098;OXIGENIO INDUSTRIAL P/MACARICO 7L/M3;UNI;0
7601575;PARAF. ALLEN CIL MA 16X60 OX;UN;0
7603932;PARAFUSO ALLEN INOX M8X55MM CILINDRICA;UNI;0
7609116;PARAFUSO PONTA AGULHA 3,5MM;UN;0
7607088;PATINS P/GUIA LINEAR HG30 S/ABAS HGH30HA;UNI;0
7607569;PATINS P/GUIA LINEAR MGH 20C B0ARR400;UNI;0
7603798;PINCEL 1/2 POL. (SANDER);UNI;0
6997744;PINO ENGATE 1/4POL ROSCA FEMEA NPT;UNI;0
7607359;PINO ENGATE RAPIDO PNEUMATICO 1/4 ROSCA FEMEA;UNI;0
6994664;PINO P-ENGATE RAPIDO FM 1-4 POL;UN;0
7606870;PLACA ISOPOR EPS 125X62,5CM;UNI;0
7606928;PLACA ISOPOR EPS 50X100CM;UNI;0
6998036;PURGADOR P/COMPRESSOR ROSCA 1/2 BSP 220V;UN;0
7603443;RED ESGOTO EXCENTRICA DN150X100;UNI;0
7605121;REFIL DO FILTRO DE GAS HPF50B-21 (YAWEI);UN;0
6998145;REFIL FILTRO BRANCO AP200 3M;UN;2
7602185;REFLETOR LED 300W PROVA AGUA;UN;0
6998223;REGISTRO ESFERA 32MM PPR AZUL;UNI;0
6994237;REGISTRO ESFERA METALICO 1/2POL C/ROSCA;UN;0
6998092;REGULADOR PRESSAO 1/4" SMC AR20-F02BE-D;UNI;0
6991704;REGULADOR PRESSAO AR-ARM10-06BG;UNI;2
6991705;REGULADOR PRESSAO AR-ARM10-08BG-SMC;UNI;0
6994273;RELE 12V 20A 250V SCY 11DM-SANYOU;UN;7
7605135;RESIN PE ALTA DESIND BR 1KG (ABRASIVO PLASTICO MC-1 GRANILHA LIMPEZA WAGNER);KG;0
6992359;RODIZIO RODIZIO ZN/PC 40 KG SCHIOPPA;UNI;0
7602637;ROLAMENTO 6202 ZZC3;UN;0
7601870;ROLAMENTO ACO D47MM 6204 ZZ;UN;0
6995823;ROLAMENTO LINEAR MGN 15-C-ZO-CM HIWIN;UNI;0
7607800;ROLAMENTO PATINS LINEAR 413N20C0;UNI;0
6991576;ROLO ANTI-GOTA ATLAS ESPUMA 10 CM;UNI;0
6997363;ROLO LA SINTETICA PINTURA 23CM;UNI;3
7606710;SACO COLETOR PO PANO P/LIXADEIRA DWE6421;UNI;2
7609478;SERVODRIVE LXM32MD18N4 2024075732;UN;0
6998468;SIFAO EXTENSIVEL UNIVERSAL LONGO PC 1.5M;UNI;2
7601413;SIFAO SANFONADO BRANCO 110X15X6CM(ABERT);UNI;0
6994427;SILICONE ACETICO 280G;UNI;0
6992296;SILICONE PU 40 CINZA 360 G;UNI;0
6995508;SOLVENTE QUEROSENE 900ML;ML;0
6996615;TAMPA 3/4 CONDULETE+TOMADA RED 2P+T 20A;UNI;0
7600552;TAMPA ASSENTO VASO SANIT OVAL UNIV BR;UNI;0
7600590;TAMPA CONDULETE ALUM 3/4 1TOMADA REDONDA;UNI;0
6991973;TE PPR P/TERMOFUSAO 32MM;UNI;0
7607520;TERMINAL FEMEA GIRAT 25DKO M36 1POL RETO;UNI;0
7600753;TERMINAL M14 1/4 MANGUEIRA HIDRÁULICA;UNI;0
7609019;TERMINAL PARAFUSADEIRA MAKITA 6438302;UN;0
7602464;TERMOSTATO FRIGORIFICO;UN;2
6995590;TINTA ESMALTE DEMARCACAO AMARELO 18L;L;0
6995284;TINTA ESMALTE SINTET CZ ALTO BRILHO 3.6L;UN;1
6994488;TOMADA BRANCA 10A 2P+T 250V;UNI;0
6990251;TOMADA INDUS. SOBRE MAC 3P 200/500V;UN;2
6990248;TOMADA INDUS. SOBREP. 3P FEMEA 32A;UN;2
6994458;TOMADA REDONDA EMBUTIR 2P+T 10A 250V;UNI;0
7602644;TORNEIRA AUTOMATICA COM SENSOR BIVOLT;UN;0
6993691;TORNEIRA JARDIM DECA;UNI;0
7608894;TRANSFORMADOR 12 12VAC 2A 24W BIVOLT;UN;2
7604155;TRANSFORMADOR COMANDO MONO;UN;0
7603989;TRILHO U21 ALUMINIO 2M RM021;UNI;0
7601651;TUBO ASPIRADOR IPC AA280 220V D38;MT;0
6998134;TUBO DUTO CORRUGADO ELETR COND 3/4 50MT;MT;0
7609080;UNIAO PVC SOLDAVEL 20MM;UN;0
7605911;VALV PNEUM BOTAO TRAVA 5/2V 1/4 ESCP 1/8;UNI;0
7606061;VALV REGULADORA FLUXO 1/2POL BSP ASC-15;UNI;0
7606561;VALVULA ANTI-RETROCESSO PAR B1533;UNI;0
7606552;VALVULA CILINDRO OXIGENIO 3/4POL NGT;UNI;0
6992639;VEDA ROSCA 18MMX50M;UN;0
7609139;V-RING EIXO DIAFRAGMA BUNA-N P1505;UN;0
